<?xml version="1.0" encoding="UTF-8" standalone="yes"?>
<addon id="repository.reaper" name=".Reaper Repository" version="1.00" provider-name="Reaper">
	<extension point="xbmc.addon.repository" name="Reaper Repository">
	<dir>
		<info compressed="false">https://offshoregit.com/tvaresolvers/tva-common-repository/raw/master/addons.xml</info>
		<checksum>https://offshoregit.com/tvaresolvers/tva-common-repository/raw/master/addons.xml.md5</checksum>
		<datadir zip="true">https://offshoregit.com/tvaresolvers/tva-common-repository/raw/master/zips/</datadir>
	</dir>
		<info compressed="false">https://raw.githubusercontent.com/reaperaddons/repository.reaper/master/addons.xml</info>
        <checksum>https://raw.githubusercontent.com/reaperaddons/repository.reaper/master/addons.xml.md5</checksum>
        <datadir zip="true">https://raw.githubusercontent.com/reaperaddons/repository.reaper/master/zips/</datadir>
	</extension>
	<extension point="xbmc.addon.metadata">
		<summary>Reaper Repository</summary>
		<description>The official Reaper repositroy.</description>
		<platform>all</platform>
	</extension>
</addon>
